what,kind,bundleId,bundleVersion,description,time
error,log,,,"GlassFish: error ",1351698390756
error,log,,,"GlassFish: error ",1351698390756
error,log,,,"GlassFish: error ",1351698390757
error,log,,,"GlassFish: error ",1351698390757
error,log,,,"GlassFish: error ",1351698390757
error,log,,,"GlassFish: error ",1351698390757
error,log,,,"GlassFish: error ",1351698390757
error,log,,,"GlassFish: error ",1351698390758
error,log,,,"GlassFish: error ",1351698390758
error,log,,,"GlassFish: error ",1351698390758
error,log,,,"GlassFish: error ",1351698390758
error,log,,,"GlassFish: error ",1351698390759
error,log,,,"GlassFish: error ",1351698390759
error,log,,,"GlassFish: error ",1351698390759
error,log,,,"GlassFish: error ",1351698390759
error,log,,,"GlassFish: error ",1351698390760
error,log,,,"GlassFish: error ",1351698390760
error,log,,,"GlassFish: error ",1351698390760
error,log,,,"GlassFish: error ",1351698390760
error,log,,,"GlassFish: error ",1351698390760
error,log,,,"GlassFish: error ",1351698390761
error,log,,,"GlassFish: error ",1351698390761
error,log,,,"GlassFish: error ",1351698390761
error,log,,,"GlassFish: error ",1351698390761
error,log,,,"GlassFish: error ",1351698390762
error,log,,,"GlassFish: error ",1351698390762
error,log,,,"GlassFish: error ",1351698390762
error,log,,,"GlassFish: error ",1351698390763
error,log,,,"GlassFish: error ",1351698390763
error,log,,,"GlassFish: error ",1351698390763
error,log,,,"GlassFish: error ",1351698390763
error,log,,,"GlassFish: error ",1351698390763
error,log,,,"GlassFish: error ",1351698390764
error,log,,,"GlassFish: error ",1351698390764
error,log,,,"GlassFish: error ",1351698390764
error,log,,,"GlassFish: error ",1351698390764
error,log,,,"GlassFish: error ",1351698390765
error,log,,,"GlassFish: error ",1351698390765
error,log,,,"GlassFish: error ",1351698390765
error,log,,,"GlassFish: error ",1351698390765
error,log,,,"GlassFish: error ",1351698390766
error,log,,,"GlassFish: error ",1351698390766
error,log,,,"GlassFish: error ",1351698390766
error,log,,,"GlassFish: error ",1351698390766
error,log,,,"GlassFish: error ",1351698390766
error,log,,,"GlassFish: error ",1351698390767
error,log,,,"GlassFish: error ",1351698390767
error,log,,,"GlassFish: error ",1351698390767
error,log,,,"GlassFish: error ",1351698390767
error,log,,,"GlassFish: error ",1351698390768
error,log,,,"GlassFish: error ",1351698390768
error,log,,,"GlassFish: error ",1351698390768
error,log,,,"GlassFish: error ",1351698390768
error,log,,,"GlassFish: error ",1351698390769
error,log,,,"GlassFish: error ",1351698390769
error,log,,,"GlassFish: error ",1351698390769
error,log,,,"GlassFish: error ",1351698390769
error,log,,,"GlassFish: error ",1351698390770
error,log,,,"GlassFish: error ",1351698390770
error,log,,,"GlassFish: error ",1351698390770
error,log,,,"GlassFish: error ",1351698390770
error,log,,,"GlassFish: error ",1351698390771
error,log,,,"GlassFish: error ",1351698390771
error,log,,,"GlassFish: error ",1351698390771
error,log,,,"GlassFish: error ",1351698390771
error,log,,,"GlassFish: error ",1351698390771
error,log,,,"GlassFish: error ",1351698390772
error,log,,,"GlassFish: error ",1351698390772
error,log,,,"GlassFish: error ",1351698390772
error,log,,,"GlassFish: error ",1351698390772
error,log,,,"GlassFish: error ",1351698390773
error,log,,,"GlassFish: error ",1351698390773
error,log,,,"GlassFish: error ",1351698390773
error,log,,,"GlassFish: error ",1351698390773
error,log,,,"GlassFish: error ",1351698390773
error,log,,,"GlassFish: error ",1351698390774
error,log,,,"GlassFish: error ",1351698390774
error,log,,,"GlassFish: error ",1351698390774
error,log,,,"GlassFish: error ",1351698390774
error,log,,,"GlassFish: error ",1351698390775
error,log,,,"GlassFish: error ",1351698390775
error,log,,,"GlassFish: error ",1351698390775
error,log,,,"GlassFish: error ",1351698390775
error,log,,,"GlassFish: error ",1351698390775
error,log,,,"GlassFish: error ",1351698390776
error,log,,,"GlassFish: error ",1351698390776
error,log,,,"GlassFish: error ",1351698390776
error,log,,,"GlassFish: error ",1351698390776
error,log,,,"GlassFish: error ",1351698390777
error,log,,,"GlassFish: error ",1351698390777
error,log,,,"GlassFish: error ",1351698390777
error,log,,,"GlassFish: error ",1351698390777
error,log,,,"GlassFish: error ",1351698390778
error,log,,,"GlassFish: error ",1351698390778
error,log,,,"GlassFish: error ",1351698390778
error,log,,,"GlassFish: error ",1351698390778
error,log,,,"GlassFish: error ",1351698390779
error,log,,,"GlassFish: error ",1351698390779
error,log,,,"GlassFish: error ",1351698390779
error,log,,,"GlassFish: error ",1351698390779
error,log,,,"GlassFish: error ",1351698390780
error,log,,,"GlassFish: error ",1351698390780
error,log,,,"GlassFish: error ",1351698390780
error,log,,,"GlassFish: error ",1351698390780
error,log,,,"GlassFish: error ",1351698390781
error,log,,,"GlassFish: error ",1351698390781
error,log,,,"GlassFish: error ",1351698390781
error,log,,,"GlassFish: error ",1351698390781
error,log,,,"GlassFish: error ",1351698390781
error,log,,,"GlassFish: error ",1351698390782
error,log,,,"GlassFish: error ",1351698390782
error,log,,,"GlassFish: error ",1351698390782
error,log,,,"GlassFish: error ",1351698390782
error,log,,,"GlassFish: error ",1351698390783
error,log,,,"GlassFish: error ",1351698390783
error,log,,,"GlassFish: error ",1351698390783
error,log,,,"GlassFish: error ",1351698390783
error,log,,,"GlassFish: error ",1351698390783
error,log,,,"GlassFish: error ",1351698390784
error,log,,,"GlassFish: error ",1351698390784
error,log,,,"GlassFish: error ",1351698390784
error,log,,,"GlassFish: error ",1351698390784
error,log,,,"GlassFish: error ",1351698390785
error,log,,,"GlassFish: error ",1351698390785
error,log,,,"GlassFish: error ",1351698390785
error,log,,,"GlassFish: error ",1351698390785
error,log,,,"GlassFish: error ",1351698390786
error,log,,,"GlassFish: error ",1351698390786
error,log,,,"GlassFish: error ",1351698390786
error,log,,,"GlassFish: error ",1351698390786
error,log,,,"GlassFish: error ",1351698390787
error,log,,,"GlassFish: error ",1351698390787
error,log,,,"GlassFish: error ",1351698390787
error,log,,,"GlassFish: error ",1351698390787
error,log,,,"GlassFish: error ",1351698390787
error,log,,,"GlassFish: error ",1351698390788
error,log,,,"GlassFish: error ",1351698390788
error,log,,,"GlassFish: error ",1351698390788
error,log,,,"GlassFish: error ",1351698390788
error,log,,,"GlassFish: error ",1351698390789
error,log,,,"GlassFish: error ",1351698390789
error,log,,,"GlassFish: error ",1351698390789
error,log,,,"GlassFish: error ",1351698390789
error,log,,,"GlassFish: error ",1351698390789
error,log,,,"GlassFish: error ",1351698390790
error,log,,,"GlassFish: error ",1351698390790
error,log,,,"GlassFish: error ",1351698390790
error,log,,,"GlassFish: error ",1351698390790
error,log,,,"GlassFish: error ",1351698390791
error,log,,,"GlassFish: error ",1351698390791
error,log,,,"GlassFish: error ",1351698390791
error,log,,,"GlassFish: error ",1351698390791
error,log,,,"GlassFish: error ",1351698390792
error,log,,,"GlassFish: error ",1351698390792
error,log,,,"GlassFish: error ",1351698390792
error,log,,,"GlassFish: error ",1351698390792
error,log,,,"GlassFish: error ",1351698390792
error,log,,,"GlassFish: error ",1351698390793
error,log,,,"GlassFish: error ",1351698390793
error,log,,,"GlassFish: error ",1351698390793
error,log,,,"GlassFish: error ",1351698390794
error,log,,,"GlassFish: error ",1351698390794
error,log,,,"GlassFish: error ",1351698390794
error,log,,,"GlassFish: error ",1351698390794
error,log,,,"GlassFish: error ",1351698390794
error,log,,,"GlassFish: error ",1351698390795
error,log,,,"GlassFish: error ",1351698390795
error,log,,,"GlassFish: error ",1351698390795
error,log,,,"GlassFish: error ",1351698390795
error,log,,,"GlassFish: error ",1351698390796
error,log,,,"GlassFish: error ",1351698390796
error,log,,,"GlassFish: error ",1351698390796
error,log,,,"GlassFish: error ",1351698390796
error,log,,,"GlassFish: error ",1351698390796
error,log,,,"GlassFish: error ",1351698390797
error,log,,,"GlassFish: error ",1351698390797
error,log,,,"GlassFish: error ",1351698390797
error,log,,,"GlassFish: error ",1351698390797
error,log,,,"GlassFish: error ",1351698390798
error,log,,,"GlassFish: error ",1351698390798
error,log,,,"GlassFish: error ",1351698390798
error,log,,,"GlassFish: error ",1351698390798
error,log,,,"GlassFish: error ",1351698390799
error,log,,,"GlassFish: error ",1351698390799
error,log,,,"GlassFish: error ",1351698390799
error,log,,,"GlassFish: error ",1351698390799
error,log,,,"GlassFish: error ",1351698390799
error,log,,,"GlassFish: error ",1351698390800
error,log,,,"GlassFish: error ",1351698390800
error,log,,,"GlassFish: error ",1351698390800
error,log,,,"GlassFish: error ",1351698390800
error,log,,,"GlassFish: error ",1351698390800
error,log,,,"GlassFish: error ",1351698390801
error,log,,,"GlassFish: error ",1351698390801
error,log,,,"GlassFish: error ",1351698390801
error,log,,,"GlassFish: error ",1351698390802
error,log,,,"GlassFish: error ",1351698390802
error,log,,,"GlassFish: error ",1351698390802
error,log,,,"GlassFish: error ",1351698390802
error,log,,,"GlassFish: error ",1351698390803
error,log,,,"GlassFish: error ",1351698390803
error,log,,,"GlassFish: error ",1351698390803
error,log,,,"GlassFish: error ",1351698390803
error,log,,,"GlassFish: error ",1351698390803
error,log,,,"GlassFish: error ",1351698390804
error,log,,,"GlassFish: error ",1351698390804
error,log,,,"GlassFish: error ",1351698390804
error,log,,,"GlassFish: error ",1351698390804
error,log,,,"GlassFish: error ",1351698390805
error,log,,,"GlassFish: error ",1351698390805
error,log,,,"GlassFish: error ",1351698390805
error,log,,,"GlassFish: error ",1351698390805
error,log,,,"GlassFish: error ",1351698390805
error,log,,,"GlassFish: error ",1351698390806
error,log,,,"GlassFish: error ",1351698390806
error,log,,,"GlassFish: error ",1351698390806
error,log,,,"GlassFish: error ",1351698390806
error,log,,,"GlassFish: error ",1351698390807
error,log,,,"GlassFish: error ",1351698390807
error,log,,,"GlassFish: error ",1351698390807
error,log,,,"GlassFish: error ",1351698390807
error,log,,,"GlassFish: error ",1351698390807
error,log,,,"GlassFish: error ",1351698390808
error,log,,,"GlassFish: error ",1351698390808
error,log,,,"GlassFish: error ",1351698390808
error,log,,,"GlassFish: error ",1351698390808
error,log,,,"GlassFish: error ",1351698390809
error,log,,,"GlassFish: error ",1351698390809
error,log,,,"GlassFish: error ",1351698390809
error,log,,,"GlassFish: error ",1351698390809
error,log,,,"GlassFish: error ",1351698390810
error,log,,,"GlassFish: error ",1351698390810
error,log,,,"GlassFish: error ",1351698390810
error,log,,,"GlassFish: error ",1351698390810
error,log,,,"GlassFish: error ",1351698390811
error,log,,,"GlassFish: error ",1351698390811
error,log,,,"GlassFish: error ",1351698390811
error,log,,,"GlassFish: error ",1351698390811
error,log,,,"GlassFish: error ",1351698390812
error,log,,,"GlassFish: error ",1351698390812
error,log,,,"GlassFish: error ",1351698390812
error,log,,,"GlassFish: error ",1351698390812
error,log,,,"GlassFish: error ",1351698390812
error,log,,,"GlassFish: error ",1351698390813
error,log,,,"GlassFish: error ",1351698390813
error,log,,,"GlassFish: error ",1351698390813
error,log,,,"GlassFish: error ",1351698390813
error,log,,,"GlassFish: error ",1351698390813
error,log,,,"GlassFish: error ",1351698390814
error,log,,,"GlassFish: error ",1351698390814
error,log,,,"GlassFish: error ",1351698390814
error,log,,,"GlassFish: error ",1351698390814
error,log,,,"GlassFish: error ",1351698390815
error,log,,,"GlassFish: error ",1351698390815
error,log,,,"GlassFish: error ",1351698390815
error,log,,,"GlassFish: error ",1351698390815
error,log,,,"GlassFish: error ",1351698390816
error,log,,,"GlassFish: error ",1351698390816
error,log,,,"GlassFish: error ",1351698390816
error,log,,,"GlassFish: error ",1351698390816
error,log,,,"GlassFish: error ",1351698390816
error,log,,,"GlassFish: error ",1351698390817
error,log,,,"GlassFish: error ",1351698390817
error,log,,,"GlassFish: error ",1351698390817
error,log,,,"GlassFish: error ",1351698390818
error,log,,,"GlassFish: error ",1351698390818
error,log,,,"GlassFish: error ",1351698390818
error,log,,,"GlassFish: error ",1351698390818
error,log,,,"GlassFish: error ",1351698390819
error,log,,,"GlassFish: error ",1351698390819
error,log,,,"GlassFish: error ",1351698390819
error,log,,,"GlassFish: error ",1351698390819
error,log,,,"GlassFish: error ",1351698390819
error,log,,,"GlassFish: error ",1351698390820
error,log,,,"GlassFish: error ",1351698390820
error,log,,,"GlassFish: error ",1351698390820
error,log,,,"GlassFish: error ",1351698390820
error,log,,,"GlassFish: error ",1351698390821
error,log,,,"GlassFish: error ",1351698390821
error,log,,,"GlassFish: error ",1351698390821
error,log,,,"GlassFish: error ",1351698390821
error,log,,,"GlassFish: error ",1351698390821
error,log,,,"GlassFish: error ",1351698390822
error,log,,,"GlassFish: error ",1351698390822
error,log,,,"GlassFish: error ",1351698390822
error,log,,,"GlassFish: error ",1351698390822
error,log,,,"GlassFish: error ",1351698390823
error,log,,,"GlassFish: error ",1351698390823
error,log,,,"GlassFish: error ",1351698390823
error,log,,,"GlassFish: error ",1351698390823
error,log,,,"GlassFish: error ",1351698390823
error,log,,,"GlassFish: error ",1351698390824
error,log,,,"GlassFish: error ",1351698390824
error,log,,,"GlassFish: error ",1351698390824
error,log,,,"GlassFish: error ",1351698390824
error,log,,,"GlassFish: error ",1351698390825
error,log,,,"GlassFish: error ",1351698390825
error,log,,,"GlassFish: error ",1351698390825
error,log,,,"GlassFish: error ",1351698390826
error,log,,,"GlassFish: error ",1351698390826
error,log,,,"GlassFish: error ",1351698390827
error,log,,,"GlassFish: error ",1351698390827
error,log,,,"GlassFish: error ",1351698390827
error,log,,,"GlassFish: error ",1351698390827
error,log,,,"GlassFish: error ",1351698390828
error,log,,,"GlassFish: error ",1351698390828
error,log,,,"GlassFish: error ",1351698390829
error,log,,,"GlassFish: error ",1351698390829
error,log,,,"GlassFish: error ",1351698390829
error,log,,,"GlassFish: error ",1351698390830
error,log,,,"GlassFish: error ",1351698390830
error,log,,,"GlassFish: error ",1351698390830
error,log,,,"GlassFish: error ",1351698390830
error,log,,,"GlassFish: error ",1351698390830
error,log,,,"GlassFish: error ",1351698390831
error,log,,,"GlassFish: error ",1351698390831
error,log,,,"GlassFish: error ",1351698390831
error,log,,,"GlassFish: error ",1351698390831
error,log,,,"GlassFish: error ",1351698390832
error,log,,,"GlassFish: error ",1351698390832
error,log,,,"GlassFish: error ",1351698390832
error,log,,,"GlassFish: error ",1351698390833
error,log,,,"GlassFish: error ",1351698390833
error,log,,,"GlassFish: error ",1351698390833
error,log,,,"GlassFish: error ",1351698390833
error,log,,,"GlassFish: error ",1351698390834
error,log,,,"GlassFish: error ",1351698390834
error,log,,,"GlassFish: error ",1351698390834
error,log,,,"GlassFish: error ",1351698390834
error,log,,,"GlassFish: error ",1351698390835
error,log,,,"GlassFish: error ",1351698390835
error,log,,,"GlassFish: error ",1351698390835
error,log,,,"GlassFish: error ",1351698390835
error,log,,,"GlassFish: error ",1351698390835
error,log,,,"GlassFish: error ",1351698390836
error,log,,,"GlassFish: error ",1351698390836
error,log,,,"GlassFish: error ",1351698390836
error,log,,,"GlassFish: error ",1351698390836
error,log,,,"GlassFish: error ",1351698390837
error,log,,,"GlassFish: error ",1351698390837
error,log,,,"GlassFish: error ",1351698390837
error,log,,,"GlassFish: error ",1351698390837
error,log,,,"GlassFish: error ",1351698390837
error,log,,,"GlassFish: error ",1351698390838
error,log,,,"GlassFish: error ",1351698390838
error,log,,,"GlassFish: error ",1351698390838
error,log,,,"GlassFish: error ",1351698390838
error,log,,,"GlassFish: error ",1351698390839
error,log,,,"GlassFish: error ",1351698390839
error,log,,,"GlassFish: error ",1351698390839
error,log,,,"GlassFish: error ",1351698390839
error,log,,,"GlassFish: error ",1351698390839
error,log,,,"GlassFish: error ",1351698390840
error,log,,,"GlassFish: error ",1351698390840
error,log,,,"GlassFish: error ",1351698390840
error,log,,,"GlassFish: error ",1351698390840
error,log,,,"GlassFish: error ",1351698390841
error,log,,,"GlassFish: error ",1351698390841
error,log,,,"GlassFish: error ",1351698390841
error,log,,,"GlassFish: error ",1351698390841
error,log,,,"GlassFish: error ",1351698390842
error,log,,,"GlassFish: error ",1351698390842
error,log,,,"GlassFish: error ",1351698390842
error,log,,,"GlassFish: error ",1351698390842
error,log,,,"GlassFish: error ",1351698390843
error,log,,,"GlassFish: error ",1351698390843
error,log,,,"GlassFish: error ",1351698390843
error,log,,,"GlassFish: error ",1351698390843
error,log,,,"GlassFish: error ",1351698390843
error,log,,,"GlassFish: error ",1351698390844
error,log,,,"GlassFish: error ",1351698390844
error,log,,,"GlassFish: error ",1351698390844
error,log,,,"GlassFish: error ",1351698390844
error,log,,,"GlassFish: error ",1351698390845
error,log,,,"GlassFish: error ",1351698390845
error,log,,,"GlassFish: error ",1351698390845
error,log,,,"GlassFish: error ",1351698390845
error,log,,,"GlassFish: error ",1351698390845
error,log,,,"GlassFish: error ",1351698390846
error,log,,,"GlassFish: error ",1351698390846
error,log,,,"GlassFish: error ",1351698390846
error,log,,,"GlassFish: error ",1351698390846
error,log,,,"GlassFish: error ",1351698390847
error,log,,,"GlassFish: error ",1351698390847
error,log,,,"GlassFish: error ",1351698390847
error,log,,,"GlassFish: error ",1351698390847
error,log,,,"GlassFish: error ",1351698390847
error,log,,,"GlassFish: error ",1351698390848
error,log,,,"GlassFish: error ",1351698390848
error,log,,,"GlassFish: error ",1351698390848
error,log,,,"GlassFish: error ",1351698390848
error,log,,,"GlassFish: error ",1351698390849
error,log,,,"GlassFish: error ",1351698390849
error,log,,,"GlassFish: error ",1351698390849
error,log,,,"GlassFish: error ",1351698390849
error,log,,,"GlassFish: error ",1351698390850
error,log,,,"GlassFish: error ",1351698390850
error,log,,,"GlassFish: error ",1351698390850
error,log,,,"GlassFish: error ",1351698390850
error,log,,,"GlassFish: error ",1351698390851
error,log,,,"GlassFish: error ",1351698390851
error,log,,,"GlassFish: error ",1351698390851
error,log,,,"GlassFish: error ",1351698390851
error,log,,,"GlassFish: error ",1351698390852
error,log,,,"GlassFish: error ",1351698390852
error,log,,,"GlassFish: error ",1351698390852
error,log,,,"GlassFish: error ",1351698390852
error,log,,,"GlassFish: error ",1351698390852
error,log,,,"GlassFish: error ",1351698390853
error,log,,,"GlassFish: error ",1351698390853
error,log,,,"GlassFish: error ",1351698390853
error,log,,,"GlassFish: error ",1351698390853
error,log,,,"GlassFish: error ",1351698390854
error,log,,,"GlassFish: error ",1351698390854
error,log,,,"GlassFish: error ",1351698390854
error,log,,,"GlassFish: error ",1351698390854
error,log,,,"GlassFish: error ",1351698390854
error,log,,,"GlassFish: error ",1351698390855
error,log,,,"GlassFish: error ",1351698390855
error,log,,,"GlassFish: error ",1351698390855
error,log,,,"GlassFish: error ",1351698390855
error,log,,,"GlassFish: error ",1351698390856
error,log,,,"GlassFish: error ",1351698390856
error,log,,,"GlassFish: error ",1351698390856
error,log,,,"GlassFish: error ",1351698390856
error,log,,,"GlassFish: error ",1351698390856
error,log,,,"GlassFish: error ",1351698390857
error,log,,,"GlassFish: error ",1351698390857
error,log,,,"GlassFish: error ",1351698390857
error,log,,,"GlassFish: error ",1351698390857
error,log,,,"GlassFish: error ",1351698390858
error,log,,,"GlassFish: error ",1351698390858
error,log,,,"GlassFish: error ",1351698390858
error,log,,,"GlassFish: error ",1351698390858
error,log,,,"GlassFish: error ",1351698390858
error,log,,,"GlassFish: error ",1351698390859
error,log,,,"GlassFish: error ",1351698390859
error,log,,,"GlassFish: error ",1351698390859
error,log,,,"GlassFish: error ",1351698390859
error,log,,,"GlassFish: error ",1351698390860
error,log,,,"GlassFish: error ",1351698390860
error,log,,,"GlassFish: error ",1351698390860
error,log,,,"GlassFish: error ",1351698390860
error,log,,,"GlassFish: error ",1351698390860
error,log,,,"GlassFish: error ",1351698390861
error,log,,,"GlassFish: error ",1351698390861
error,log,,,"GlassFish: error ",1351698390861
error,log,,,"GlassFish: error ",1351698390861
error,log,,,"GlassFish: error ",1351698390862
error,log,,,"GlassFish: error ",1351698390862
error,log,,,"GlassFish: error ",1351698390862
error,log,,,"GlassFish: error ",1351698390862
error,log,,,"GlassFish: error ",1351698390863
error,log,,,"GlassFish: error ",1351698390863
error,log,,,"GlassFish: error ",1351698390863
error,log,,,"GlassFish: error ",1351698390863
error,log,,,"GlassFish: error ",1351698390863
error,log,,,"GlassFish: error ",1351698390864
error,log,,,"GlassFish: error ",1351698390864
error,log,,,"GlassFish: error ",1351698390864
error,log,,,"GlassFish: error ",1351698390864
error,log,,,"GlassFish: error ",1351698390865
error,log,,,"GlassFish: error ",1351698390865
error,log,,,"GlassFish: error ",1351698390865
error,log,,,"GlassFish: error ",1351698390865
error,log,,,"GlassFish: error ",1351698390866
error,log,,,"GlassFish: error ",1351698390866
error,log,,,"GlassFish: error ",1351698390867
error,log,,,"GlassFish: error ",1351698390867
error,log,,,"GlassFish: error ",1351698390868
error,log,,,"GlassFish: error ",1351698390868
error,log,,,"GlassFish: error ",1351698390868
error,log,,,"GlassFish: error ",1351698390869
error,log,,,"GlassFish: error ",1351698390869
error,log,,,"GlassFish: error ",1351698390869
error,log,,,"GlassFish: error ",1351698390869
error,log,,,"GlassFish: error ",1351698390870
error,log,,,"GlassFish: error ",1351698390870
error,log,,,"GlassFish: error ",1351698390871
error,log,,,"GlassFish: error ",1351698390871
error,log,,,"GlassFish: error ",1351698390871
error,log,,,"GlassFish: error ",1351698390871
error,log,,,"GlassFish: error ",1351698390871
error,log,,,"GlassFish: error ",1351698390872
error,log,,,"GlassFish: error ",1351698390872
error,log,,,"GlassFish: error ",1351698390872
error,log,,,"GlassFish: error ",1351698390872
error,log,,,"GlassFish: error ",1351698390872
error,log,,,"GlassFish: error ",1351698390873
error,log,,,"GlassFish: error ",1351698390873
error,log,,,"GlassFish: error ",1351698390873
error,log,,,"GlassFish: error ",1351698390873
error,log,,,"GlassFish: error ",1351698390874
error,log,,,"GlassFish: error ",1351698390874
error,log,,,"GlassFish: error ",1351698390874
error,log,,,"GlassFish: error ",1351698390874
error,log,,,"GlassFish: error ",1351698390874
error,log,,,"GlassFish: error ",1351698390875
error,log,,,"GlassFish: error ",1351698390875
error,log,,,"GlassFish: error ",1351698390875
error,log,,,"GlassFish: error ",1351698390875
error,log,,,"GlassFish: error ",1351698390876
error,log,,,"GlassFish: error ",1351698390876
error,log,,,"GlassFish: error ",1351698390876
error,log,,,"GlassFish: error ",1351698390876
error,log,,,"GlassFish: error ",1351698390877
error,log,,,"GlassFish: error ",1351698390877
error,log,,,"GlassFish: error ",1351698390877
error,log,,,"GlassFish: error ",1351698390877
error,log,,,"GlassFish: error ",1351698390877
error,log,,,"GlassFish: error ",1351698390878
error,log,,,"GlassFish: error ",1351698390878
error,log,,,"GlassFish: error ",1351698390878
error,log,,,"GlassFish: error ",1351698390878
error,log,,,"GlassFish: error ",1351698390879
error,log,,,"GlassFish: error ",1351698390879
error,log,,,"GlassFish: error ",1351698390879
error,log,,,"GlassFish: error ",1351698390879
error,log,,,"GlassFish: error ",1351698390879
error,log,,,"GlassFish: error ",1351698390880
error,log,,,"GlassFish: error ",1351698390880
error,log,,,"GlassFish: error ",1351698390880
error,log,,,"GlassFish: error ",1351698390880
error,log,,,"GlassFish: error ",1351698390880
error,log,,,"GlassFish: error ",1351698390881
error,log,,,"GlassFish: error ",1351698390881
error,log,,,"GlassFish: error ",1351698390881
error,log,,,"GlassFish: error ",1351698390881
error,log,,,"GlassFish: error ",1351698390882
error,log,,,"GlassFish: error ",1351698390882
error,log,,,"GlassFish: error ",1351698390882
error,log,,,"GlassFish: error ",1351698390883
error,log,,,"GlassFish: error ",1351698390883
error,log,,,"GlassFish: error ",1351698390883
error,log,,,"GlassFish: error ",1351698390883
error,log,,,"GlassFish: error ",1351698390883
error,log,,,"GlassFish: error ",1351698390884
error,log,,,"GlassFish: error ",1351698390884
error,log,,,"GlassFish: error ",1351698390884
error,log,,,"GlassFish: error ",1351698390884
error,log,,,"GlassFish: error ",1351698390884
error,log,,,"GlassFish: error ",1351698390885
error,log,,,"GlassFish: error ",1351698390885
error,log,,,"GlassFish: error ",1351698390885
error,log,,,"GlassFish: error ",1351698390885
error,log,,,"GlassFish: error ",1351698390886
error,log,,,"GlassFish: error ",1351698390886
error,log,,,"GlassFish: error ",1351698390886
error,log,,,"GlassFish: error ",1351698390886
error,log,,,"GlassFish: error ",1351698390886
